<?xml version="1.0" encoding="UTF-8"?>
<project-private xmlns="http://www.netbeans.org/ns/project-private/1">
    <editor-bookmarks xmlns="http://www.netbeans.org/ns/editor-bookmarks/2" lastBookmarkId="0"/>
    <open-files xmlns="http://www.netbeans.org/ns/projectui-open-files/2">
        <group>
            <file>file:/C:/Users/srhad/Desktop/repositorio/RepasoUbicacion/ProyectUbicacion/src/Controller/EstadoC.java</file>
            <file>file:/C:/Users/srhad/Desktop/repositorio/RepasoUbicacion/ProyectUbicacion/src/Controller/CiudadC.java</file>
            <file>file:/C:/Users/srhad/Desktop/repositorio/RepasoUbicacion/ProyectUbicacion/src/Conexion/Conexion.java</file>
            <file>file:/C:/Users/srhad/Desktop/repositorio/RepasoUbicacion/ProyectUbicacion/src/Controller/ContinenteC.java</file>
            <file>file:/C:/Users/srhad/Desktop/repositorio/RepasoUbicacion/ProyectUbicacion/src/Model/Entity/Continente.java</file>
            <file>file:/C:/Users/srhad/Desktop/repositorio/RepasoUbicacion/ProyectUbicacion/src/Conexion/Configuracion.java</file>
            <file>file:/C:/Users/srhad/Desktop/repositorio/RepasoUbicacion/ProyectUbicacion/src/View/Eliminar.java</file>
            <file>file:/C:/Users/srhad/Desktop/repositorio/RepasoUbicacion/ProyectUbicacion/src/View/Modificar.java</file>
            <file>file:/C:/Users/srhad/Desktop/repositorio/RepasoUbicacion/ProyectUbicacion/src/Model/Entity/Pais.java</file>
            <file>file:/C:/Users/srhad/Desktop/repositorio/RepasoUbicacion/ProyectUbicacion/src/Model/Entity/Estado.java</file>
            <file>file:/C:/Users/srhad/Desktop/repositorio/RepasoUbicacion/ProyectUbicacion/src/View/LugaresV.java</file>
            <file>file:/C:/Users/srhad/Desktop/repositorio/RepasoUbicacion/ProyectUbicacion/src/View/Registrar.java</file>
            <file>file:/C:/Users/srhad/Desktop/repositorio/RepasoUbicacion/ProyectUbicacion/src/View/Consultar.java</file>
            <file>file:/C:/Users/srhad/Desktop/repositorio/RepasoUbicacion/ProyectUbicacion/src/Model/Entity/Ciudad.java</file>
        </group>
    </open-files>
</project-private>
